label,split,filename,spectral_centroid_mean,spectral_centroid_std,spectral_bandwidth_mean,spectral_bandwidth_std,spectral_rolloff_mean,spectral_rolloff_std,spectral_flatness_mean,spectral_flatness_std,zero_crossing_rate_mean,zero_crossing_rate_std,short_time_energy_mean,short_time_energy_std,autocorrelation_mean,autocorrelation_std
real,test,LA_E_3379393.npy,2021.525126572636,1208.9915679434507,1821.9771245752727,543.936028281964,6927.671232876713,940.2222420869007,0.34645659412521435,0.0989074567120834,0.15010986370034676,0.18618680859146933,1.0023549489951196,2.1871271733118975,0.8829904940135033,0.15379134741937617
real,test,LA_E_5104511.npy,1613.4428749525612,1228.5655876339467,1581.9223812166988,538.2907759324404,6887.147335423198,660.9381194393388,0.4055718306585879,0.1241328915936317,0.11488753231039982,0.16525518537705922,1.196145409095888,3.395373560394965,0.9054859227034084,0.16222933344166363
real,test,LA_E_3593479.npy,1560.403643797728,802.4325850077413,1853.8904008011245,491.14793225963183,7362.5,222.88016551909277,0.32990842155228733,0.09874719259232596,0.07013271815903394,0.08748808934191046,2.98913267986488,6.5812159676847015,0.9339958471241236,0.12465317023334116
real,test,LA_E_5898586.npy,1607.3646033079913,1090.1149539253677,1636.187094123361,484.1525784107817,6885.461254612546,921.2087305554385,0.3879368393170725,0.1073104959700439,0.1112097587141285,0.14817301462963464,1.4407078327765759,2.7454639282536237,0.8967841688079792,0.1861925826893442
real,test,LA_E_8249275.npy,1805.7090224144436,1126.2466080490597,1680.5640218956905,499.4299353199778,6698.057142857143,940.4355812329622,0.3723257228606063,0.09852394121808042,0.13380594343000357,0.16362754395460394,1.0936673437349889,2.7276072238767903,0.8965468985707971,0.15180384706375732
real,test,LA_E_9476709.npy,1742.195239948013,1070.6867213748553,1726.7972052753685,376.91744781569616,6596.746411483254,1030.9715480177183,0.3481826232290993,0.10303544560342111,0.11613963137508844,0.1556301365745597,2.2661478627930904,4.721079808518621,0.9053272282169768,0.15420825306645577
real,test,LA_E_4620575.npy,1293.6443012340837,685.9806791966733,1696.6175771881053,584.7566264866862,7264.398340248963,365.6752848349939,0.37434685442628296,0.12685177726021832,0.058028889651514676,0.06775968759329544,1.1775484901006206,3.3043718733620966,0.9644034514818244,0.08537218775533188
real,test,LA_E_1275973.npy,1569.1723668392146,907.6933528980562,1571.1310761856564,476.6406762217047,6737.309090909091,904.5935475565763,0.40458939379862,0.10135617881973677,0.1083526999316473,0.11280727853763826,1.1103262097084214,2.4450595091771463,0.8869504825088207,0.1715646457186097
real,test,LA_E_6135912.npy,1372.7277642045578,468.138642321202,1805.212700327602,401.7740221391047,7238.058252427184,430.03286903597836,0.3406405449124625,0.07818787659080285,0.06440859430128719,0.06194779701800724,2.866353472373957,6.2346430821180014,0.9650568730399993,0.06868500682973304
real,test,LA_E_1701685.npy,1559.2701203833697,777.2930853479048,1550.5721160323565,451.03970498625614,6736.588628762542,795.2049448741502,0.426943836939899,0.0948287253483002,0.10019195145053268,0.08210382693554691,1.3225984789569443,2.7861424670720005,0.903096360312278,0.13431088809829428
real,test,LA_E_8170881.npy,2026.5459537820154,1300.7392233069043,1849.9829695933008,469.27139178109974,7244.363636363636,313.0771826787279,0.3579557500429917,0.09978914845425994,0.14599225336067442,0.18460385126492732,2.081020651938936,3.867567089743907,0.8737609108495203,0.17859757464600495
real,test,LA_E_7037148.npy,1295.295940182992,776.7223655628775,1490.0837764150392,471.259130382043,7085.486725663717,646.9574689559981,0.4392506004488606,0.11336762591904065,0.08421496218422159,0.09293544008375805,3.092145551884084,5.215662837178194,0.928143271864422,0.1396909612631801
real,test,LA_E_4724621.npy,1785.7859318831768,1237.2853911246657,1601.4557741438143,539.485327694865,6917.0,863.4323624027794,0.389893282445182,0.10486982291479902,0.13409217488164857,0.16682320843693224,1.658486298041992,3.3511102940054753,0.896800667477454,0.16533549340560885
real,test,LA_E_7542451.npy,2049.1670881362306,1153.0905690074856,1735.445610047616,523.6461054302397,7000.176211453744,621.9990259902208,0.391139707438184,0.1122866392170544,0.1726894328331843,0.17234736764150133,1.697603022076647,5.185739120656984,0.8445763178641933,0.19688108294964896
real,test,LA_E_3629647.npy,1616.8249549420727,1039.0323260686523,1612.2328734086598,459.0579876751708,6766.1016949152545,829.6150157777444,0.3954200765935545,0.09696231159961785,0.11506732934029988,0.14536485195870488,1.6857001429372784,3.1637060403895365,0.8947720438633627,0.17198722667136193
real,test,LA_E_6554062.npy,1805.174540593599,1060.4153895121194,1796.6363598696423,516.8078947478431,6666.009852216749,1225.6894470430059,0.30906201030663155,0.10912894600243012,0.12252305640949662,0.15749419380718818,0.9614111895005166,2.612868042120539,0.9074148220634322,0.13168794118513205
real,test,LA_E_3289994.npy,1763.3997911971746,886.8356470218658,1744.557969494817,535.495034606525,7075.606936416185,653.2155291953368,0.3565459510388088,0.10147211526429199,0.11919248989525837,0.11006916549984509,0.8974882974033572,2.073162376204645,0.8937094664253167,0.14034705426207453
real,test,LA_E_5313973.npy,1724.5551695394258,1097.2212116865423,1614.9692128970175,428.78411745650556,3386.206896551724,1502.713898465737,0.31909943107046435,0.16668662300379078,0.1295825771324864,0.15163507192675932,2.9517259001966583,5.048095434730214,0.8876743093572155,0.15988576418969472
real,test,LA_E_6154503.npy,1608.4738034168872,1060.5715822691127,1526.6678525676905,517.2438426260587,6865.333333333333,817.2408865607904,0.406381142083891,0.1048247874214504,0.12048872180451128,0.1377787097852041,5.428605939855228,6.985335502897409,0.8911408856642282,0.18018657124485424
real,test,LA_E_1311985.npy,1926.4638079081944,1012.991346649995,1705.4669111547987,543.2950966736042,6502.553191489362,1248.621029024027,0.3445891538128216,0.10574482753650898,0.14566558239570554,0.1416522458670465,1.674728082198639,3.689143342748627,0.8726040836215364,0.15702608506407212
real,test,LA_E_7566841.npy,1657.7235406646657,1112.4054326985774,1813.4628323324405,401.0089826993889,7360.564516129032,224.2039768983234,0.35821932144964164,0.08799238837594625,0.09647606920527124,0.1562006073712658,1.3919377029638345,3.2940560173788946,0.9296533267738375,0.1500507716443528
real,test,LA_E_5694987.npy,1864.2452311491336,1023.7551937508998,1892.2433375251492,494.27095169001365,7058.041543026707,727.7702775664803,0.3205521965326806,0.08792192877516973,0.121453485345411,0.15287383618363967,1.9960053859234883,4.84212785919224,0.903211101698751,0.15119908832352982
real,test,LA_E_4581379.npy,1731.0149657950797,789.3630648541634,1706.6677480938765,485.3665207425422,6781.065088757397,890.1838394134118,0.3637370010757479,0.1140032305667822,0.1171123073957082,0.10868062895325242,3.768960281296045,6.857304666820091,0.9011331915254012,0.1441395441902615
real,test,LA_E_5783993.npy,1858.7820817415259,1435.8807498908702,1666.5519753043263,519.5186979735528,6990.792452830188,572.1747113604364,0.37253797960226304,0.10131276633871776,0.15473589634463517,0.20421439022225135,1.7343141771995838,4.059251540622701,0.8686979155004226,0.2105162923149231
real,test,LA_E_2553827.npy,1274.6419044800773,691.474904432045,1592.5230755487405,562.8095761462597,7164.111111111111,602.7610443145857,0.3830214829742584,0.1133869719783387,0.07158869395711501,0.08035075065438751,1.9533818382557184,3.429427502042419,0.9464738300147982,0.12628426100068715
real,test,LA_E_7769271.npy,2088.3165612152216,889.3719375529016,1954.7416853680595,404.99374148837194,7217.272727272727,308.7567712644581,0.35257537698196245,0.07441813814890416,0.1423558897243108,0.1173003407691972,1.9856643545572827,4.04087742260414,0.8568655137598851,0.1804570434152677
real,test,LA_E_7720483.npy,1721.8554132555546,1178.6433528509856,1629.7897529041468,519.7515469982503,7295.636363636364,345.00468316380676,0.37164415343979457,0.08775393457027889,0.1297334244702666,0.16502900937282974,2.785461746541735,5.530267949645795,0.9003094640516767,0.17228134399250536
real,test,LA_E_6107414.npy,1544.2376088562992,764.2351114945533,1787.6709122736365,461.33125087830183,7372.054794520548,199.91065747018905,0.35056414048546564,0.1006136494233068,0.08395989974937343,0.09746920431999966,2.213224812726845,5.422994540698955,0.9245202108039317,0.1384571472623139
real,test,LA_E_4677898.npy,1732.8298005149527,913.6893791405632,1734.5453966176433,558.4678679649841,6821.554404145078,821.8163053787038,0.3524829704043321,0.10261593883162282,0.11498954640487227,0.11030818724525465,3.2609946967002865,5.842594120931786,0.9016941276489837,0.1451911642230569
real,test,LA_E_5980440.npy,1347.8771586502123,708.8305421976223,1731.0923051987945,511.25053337513685,7325.384615384615,278.29468013974474,0.3740108397834561,0.10849334798243326,0.06752940042413727,0.09059548272820148,1.6113035270403102,4.225894983395124,0.9525721793059734,0.12286564190398606
real,train,LA_E_9897022.npy,1663.8583796659818,777.922784706644,1687.0853342542855,453.94750009004065,6905.077720207254,682.7384050358269,0.3838570706598659,0.09974103018718067,0.10827587102471202,0.10672887348339002,2.2617409305773464,3.6919053059936986,0.9009382617593226,0.139444115699813
real,train,LA_E_9695181.npy,1803.3786311624317,1052.2402638841215,1739.4129999993868,502.6707342890486,7036.509090909091,696.0957319932178,0.3398318725968761,0.09520262736707061,0.12889496468443837,0.15612371839868025,2.519945371437984,4.834331808638384,0.8856460593142982,0.1852998567119895
real,train,LA_E_2355775.npy,1597.0335554658936,803.1347171453132,1727.9626896493883,413.5176907147813,7302.61569416499,211.60020575991143,0.4018081599627817,0.09503909501632882,0.09627186678971068,0.0998945053849716,1.140406680972252,2.9255153424113947,0.9286973695629278,0.11690584643234816
real,train,LA_E_3924689.npy,2400.6375990937727,1322.8864429057526,1907.2144224697026,502.17085317959896,7158.490566037736,603.9948651112952,0.3497433164871241,0.09209027883921896,0.21237054901404456,0.20351633725890098,2.33029173741879,5.279372862709283,0.784131808539836,0.23790406100425981
real,train,LA_E_2460090.npy,1549.6179559744426,744.8414846098262,1841.9360195755194,379.2679148765731,3537.037037037037,1323.2642434100294,0.341989740471496,0.13642431639587713,0.08580092205823199,0.10936780582393356,1.3693751880153788,4.078765146430945,0.9339629580052453,0.12113137899001192
real,train,LA_E_5432558.npy,1822.5561448563672,736.6800031225059,1923.8112325004672,473.3356334139586,4060.810810810811,1391.8641561130582,0.40905591036534,0.1702657065277132,0.09791370317686107,0.07090326052912425,1.1391365445470698,3.4631204240318927,0.918354360252338,0.10400857563086707
real,train,LA_E_4148077.npy,1836.2169475000323,994.9554800485151,1730.5930575011662,571.9640930777838,7181.52,339.70470941686983,0.3739581582978254,0.08928308294855399,0.13898245614035085,0.12615337163216636,1.464982828430392,3.5441361074410613,0.8681032976405224,0.16341453121217123
real,train,LA_E_1632308.npy,1916.7904376093607,1196.7560878494264,1737.4596930322284,567.6389535047726,7208.082191780822,260.27465753334536,0.37791778084659117,0.10423739588968997,0.14965495931609846,0.16698354237881302,3.382555803729255,5.281178948544799,0.8428856461964134,0.21638029242316895
real,train,LA_E_1514361.npy,1993.766675491978,1248.008906701661,1671.5157238246663,537.9053077612699,6848.075117370892,754.2720608475572,0.39319923246543376,0.11135736125133087,0.16751973831291844,0.18129800998431161,1.776205620349363,3.895449421946169,0.8349541307319572,0.2109324794526754
real,train,LA_E_9195169.npy,1529.9288520742398,550.9645880785788,1806.0837219689722,517.4013608816782,7346.1580381471385,191.03677288267392,0.36522108195184827,0.09823789350652008,0.08341016027807939,0.063157950648819,1.581125242779067,4.513141292651652,0.9445412504218514,0.08040462083826427
real,train,LA_E_5323454.npy,1552.7579656369428,1211.839611522973,1536.202586912788,553.3029049542877,7172.451790633609,372.97005362226804,0.41583536938530596,0.11999730200767462,0.1224618018876392,0.17221459961720686,2.8476187860291695,5.210065703674201,0.9013331520712423,0.17199150098875557
real,train,LA_E_6246933.npy,1774.345559462008,1070.1533453406812,1575.6591332929197,534.2079100282411,7042.983050847458,531.0806856099932,0.4326173998708405,0.10626318279170517,0.1493649377681492,0.1277377293525277,1.0600939529054327,2.592796351544679,0.8558555898131248,0.16767920522001997
real,train,LA_E_8403814.npy,1875.5203343604408,1308.400246740366,1664.907055233335,530.5730835088475,6746.666666666667,941.0918744794758,0.36872028489566533,0.12609929388279004,0.13706397140391963,0.19042728119282537,1.2688356498313922,2.889766885114522,0.9168393642774172,0.11562912645071742
real,train,LA_E_7243029.npy,1768.324180899291,1169.6447886479189,1665.7301020719394,442.77634601190823,7060.248447204969,472.83728020693275,0.40445696243223417,0.10384037758549981,0.1389187253848908,0.17050747744038355,1.098862112150777,2.454753703966687,0.8897160705014227,0.15938212952648548
real,train,LA_E_9180942.npy,1833.763025192997,1181.9506020356596,1702.364803271112,453.8207056304901,3633.020134228188,1652.6097744805656,0.35218866267657606,0.17523330522171107,0.14427007115103194,0.18060485896086415,2.554092266868013,4.9279621340043365,0.8755727421117249,0.19892908998776362
real,train,LA_E_5809479.npy,1711.5969483712593,1046.4821106859404,1706.128085668097,551.564644687317,7079.346049046321,550.6177928650144,0.3956441755527247,0.11708455958480736,0.1130892626662023,0.12775488957586328,2.792402911911198,7.205734826472309,0.9168900827680438,0.1203671717098943
real,train,LA_E_4402351.npy,1670.6434484094032,896.9290070473312,1674.3465307844372,508.7359359700023,6859.463601532567,728.3769941520787,0.3617474679485198,0.09400313259601695,0.11453922161726154,0.11813026949770299,5.669242614141952,7.304273040484225,0.8955940751470141,0.17024767216639566
real,train,LA_E_3555959.npy,1787.2796968600871,1057.274281444375,1651.9685835298355,485.7045772063607,6952.617079889807,719.8182617551539,0.3554023315734149,0.0891744677675402,0.1393083259111967,0.1471967387300282,3.4177691403426245,5.9655141773464795,0.8879565709035347,0.15505608369120655
real,train,LA_E_7205247.npy,1453.9318845620073,1072.9698116252346,1601.134426010554,538.1690792398003,6962.388059701492,718.6764151606587,0.39001263766238153,0.12061001048262535,0.0959581790296637,0.15398578068587462,1.5550765395511277,3.166832735636612,0.9255738038493424,0.1505496208194274
real,train,LA_E_4866797.npy,2065.222377450924,1308.3869953424323,1858.3126564775364,432.9723460778305,4131.0526315789475,1570.425335401853,0.35950671764512515,0.15346474370198043,0.15215670755836963,0.19825396687848376,1.4093089180808436,3.494896854024252,0.8749084349242569,0.18206724250167086
real,train,LA_E_6901928.npy,1628.171726515865,1223.2262268587176,1476.4926088611583,482.3414871829851,6774.898785425101,903.6631983158481,0.4154233238683764,0.10558636449670039,0.12433918805109939,0.16016433461970123,2.534224541505042,3.9755360557493624,0.9077464283907041,0.16124537973959893
real,train,LA_E_6074132.npy,1610.045893217144,649.4961504609947,1860.7145823473004,554.0079426180417,7101.508196721312,679.5555592661538,0.33979274692307737,0.10325446335102678,0.07925551583877727,0.05480246400722463,2.1018333535523817,4.337133966956442,0.9399928682254588,0.09083221445209363
real,train,LA_E_1648428.npy,1815.3048107065201,1175.1977232197542,1750.3746816584217,486.6141607207799,7172.5,415.5175821925122,0.37998977470507517,0.10608349349423843,0.13471177944862156,0.16605205318388389,0.9386007486739307,2.0531852357331357,0.8787682228242594,0.18543450977031042
real,train,LA_E_5871315.npy,1522.5004546461746,867.34800291237,1532.8093042351081,491.55590247159444,6657.486338797814,869.1986250641285,0.41086325308633337,0.11840832732351826,0.10249667885560897,0.10428444265618618,2.7842485017664833,4.624474833294768,0.9201060730838327,0.11735039218469305
real,train,LA_E_8859944.npy,1698.9746805195248,999.6362892626908,1732.6115050259857,499.0168362567805,6822.151394422311,795.9259766753823,0.35642579726797646,0.09218658067867712,0.11817392085792168,0.14302304891459622,1.7181089638704519,4.014813265889487,0.8914083772062082,0.18352587718288463
real,train,LA_E_7956933.npy,1654.078928925779,862.4471618957966,1682.760529740447,577.9873713431651,6685.821596244132,1082.6172018450404,0.3558907427694752,0.096079890623724,0.10431007095202796,0.10565355778756241,1.9849513931266534,4.8308970271545455,0.9144346672000861,0.11440840398590485
real,train,LA_E_5533127.npy,1727.8122189679955,960.0691586802521,1706.4599263534599,529.7056906522804,7057.085427135678,528.0984639980303,0.38182684363531083,0.10875873570182486,0.11697585672724524,0.12853526812943417,2.964735576347459,5.15822112861165,0.89803660788541,0.16389960481726212
real,train,LA_E_9410541.npy,1609.3392341009085,1074.8244412384759,1583.3329132752658,413.3262220619116,6841.058201058201,1087.8331171611437,0.3572593055016698,0.0870262505871459,0.12039357653392742,0.14454129352797304,1.2233271472689506,3.1697933991920424,0.8935550434531776,0.17381081290316838
real,train,LA_E_1235824.npy,1575.293834317052,986.2422541160174,1767.6900899445272,399.98648660991824,7321.6783216783215,254.68107762771098,0.37918611187368895,0.0902895765742921,0.09078056446477498,0.13475460483734375,1.4901142659142455,4.037979529088474,0.9409261451751925,0.11339066335601748
real,train,LA_E_3698865.npy,1831.364796785362,980.3766751157102,1853.5227520624248,439.2167119839125,7239.1578947368425,290.59526260453634,0.3650255081239997,0.080621182915458,0.1222002374356945,0.1489215229187245,1.917564492427206,4.122101865599609,0.9020296334504173,0.15227182695412855
real,train,LA_E_5849185.npy,1185.3284702988492,817.3148244239659,1597.854954487295,494.5385967575808,7221.6,351.564275773293,0.37810271537444406,0.10211837338598807,0.054572144647332614,0.08648833690652012,2.0950316872707027,3.5436079201115285,0.9695187798842256,0.07012865050218674
real,train,LA_E_6314733.npy,1753.0320046056984,1302.3423929106866,1712.980376177153,407.5504159563593,7155.977653631285,589.6400943299412,0.3684009350951068,0.07902628807181912,0.12431917783285026,0.19097800201282733,1.7461265137699546,2.9694469564904074,0.901683904341673,0.18020943527022013
real,train,LA_E_4256659.npy,1968.651635537467,1122.483075446336,1847.7246758614704,446.86376690746596,6983.90041493776,665.8072615891855,0.3580247378780306,0.08426606333545393,0.14359550328102413,0.16874052035258508,1.4976681687250917,3.4521262863250293,0.8632187792342443,0.20482636277600025
real,train,LA_E_6147346.npy,1679.0941744254503,890.5490023884174,1627.0177649004402,556.6720786928857,6749.913043478261,937.2424823381796,0.38662930079187646,0.12742721616099947,0.1096981584395772,0.10180590287259007,2.0644753281795776,3.2426797240046596,0.894785271195261,0.14143374775041048
real,train,LA_E_2954180.npy,1621.1176239002066,769.1024031341765,1662.5001439226687,493.3299387761357,6959.370078740158,724.0565384800706,0.37615627541040764,0.09745722760663332,0.10862786888481044,0.08697258527140148,2.211236017018795,5.426970423276872,0.9123372560767028,0.11485420552781156
real,train,LA_E_9103340.npy,1932.5913493293435,738.4409419305664,2036.7512934182191,411.38145790361114,7082.666666666667,707.5244049682886,0.31046690656313997,0.0812579719537357,0.10651189376951149,0.11025882451524502,1.338580846531761,3.3708026127526245,0.907951425897511,0.13036726323843778
real,train,LA_E_8177958.npy,2134.5262754946193,1061.9125463890916,1770.8389865172708,501.8203101018055,7205.43429844098,280.76073999414155,0.3920210482886734,0.07814099479019489,0.1917265323665511,0.14012504035585827,1.5747601725132794,3.942307060923238,0.7807159001552191,0.22961778794509763
real,train,LA_E_1911910.npy,1803.3650957361074,952.4867350993106,1708.1682188951027,520.4002108851569,6546.796116504855,1201.647908621988,0.34601373631725707,0.10401004650499036,0.12786010333276557,0.13964351359424787,0.48972581134817367,1.769272958211991,0.8994221628527369,0.12678159506245065
real,train,LA_E_6945617.npy,1547.7849523416614,927.6153809842496,1655.518841910338,595.9408734309626,7112.351097178684,601.8626695260438,0.36900667041476093,0.10323850276791381,0.09519095544503892,0.11465624019955228,2.1260393043019734,4.188035954574214,0.9330635434675837,0.11928901954555682
real,train,LA_E_1750680.npy,1566.941086312984,820.4300623234825,1648.3043857592295,528.3242935226959,6942.030456852792,715.7275515211011,0.4028416308052491,0.11455073232967644,0.10226072796203707,0.10609082453582475,0.5131845784379427,1.3044172906723124,0.9058024945423624,0.1563734844730979
real,train,LA_E_5209656.npy,1083.596069926393,569.4452746318508,1481.5013476912654,521.8479667456833,7229.752066115702,249.30690527770614,0.4167898778900863,0.11025545661535133,0.04808163659838301,0.034556162369415576,3.68938414538587,5.542827785370648,0.9748712253585512,0.04360930384024147
real,train,LA_E_9578227.npy,1847.7528499966518,698.4355539906354,1828.7942445515548,476.2817154615456,6848.367346938776,786.6250486076851,0.35219560728699184,0.1014919552191489,0.11601708352513937,0.08671403190050134,1.0120868157349736,3.318564327216686,0.8699294294425215,0.161769870176951
real,train,LA_E_2929931.npy,1917.536409706166,1421.1086244942821,1716.760691068641,494.8910850848921,6917.765363128492,713.0981509431218,0.36105921756066933,0.12155289059269485,0.14796768457456488,0.20950947980913906,2.674509466530034,5.801760240200396,0.8799759965324173,0.19813391723032617
real,train,LA_E_8399265.npy,1806.6900554197478,784.1473273175255,1944.1318642168053,405.47499943464965,7025.333333333333,762.4260359651028,0.3165435244656114,0.0679701574935463,0.09959422365437401,0.12582525743729142,1.1687576881360546,2.735161336015471,0.9174627103370163,0.13740746376016905
real,train,LA_E_5753260.npy,1444.0544670912257,738.35512416834,1779.6463804214015,537.5246013352877,7275.818181818182,329.1708089846415,0.3541144445189779,0.11320591955810254,0.06958304853041694,0.08823234872698404,2.6798486683127285,5.445004274148354,0.9508011701324476,0.11355074654514836
real,train,LA_E_1831235.npy,1806.7967779562923,913.9195757155547,1879.8427131938106,478.929817807307,7240.323886639676,393.02405943119646,0.35614304345465486,0.09817279184448106,0.11149330816920844,0.12128495268982718,1.4299179430408144,3.4818106879015067,0.8924843651943659,0.1704314143241015
real,train,LA_E_2291153.npy,1395.6802909464452,943.6303422666715,1505.5311777594707,480.14949828622645,7080.262295081967,638.3995845565265,0.43245351346231353,0.11261189484590996,0.10122026377418956,0.1125266886314444,2.0657022641955143,3.7247429459223014,0.9193857390501654,0.13853363298489485
real,train,LA_E_7824929.npy,1736.9638173038775,1373.2121687678882,1453.3658517150282,513.715782948878,6568.727272727273,841.624089150267,0.39725589839296094,0.08400873706607812,0.15436318067897015,0.19779900243511686,2.4954270323784162,3.304465194855856,0.8651790694742667,0.21315775040933999
real,train,LA_E_3971555.npy,1718.9156112040273,501.8417397803153,1843.2800464979741,475.81518932579354,7010.46511627907,579.9857796507424,0.3622658259932985,0.10227216494488357,0.10322317421460628,0.05572880522338459,2.8264761744760776,6.325662615044616,0.9183564041481794,0.07733392266154009
real,train,LA_E_9518312.npy,1894.0082391582314,1067.2743461855441,1808.2631201665088,516.1932782646338,6715.6291390728475,1080.2339556253607,0.33937837935518667,0.09656109954350359,0.13286527577221197,0.15818190371194907,1.1781562410901003,2.9847316543486535,0.8872957318783102,0.17494690272055902
real,train,LA_E_5739678.npy,1388.9222152947896,532.117139543427,1845.8179638617078,457.24703459264435,7330.526315789473,294.83757677049965,0.3451699871255945,0.1024427606849828,0.05958316844743437,0.0631787424059375,0.9982536153053708,3.326556956803898,0.9598028986414225,0.08267386376142975
real,train,LA_E_2368594.npy,1416.1981405663523,791.9800355618698,1553.3053150122678,490.1359724666011,7193.509933774834,427.05242427613973,0.4271225435426792,0.10418494791664756,0.0973543129346545,0.1102822607536851,1.810725318936792,3.268405976136403,0.9279280442994,0.1294988003574853
real,train,LA_E_7255033.npy,2141.3578788656637,982.4451055063103,1942.5579796455415,508.18347834975646,7276.943820224719,238.77893304541078,0.3532366915911716,0.09493685161894617,0.16650615302300698,0.1476431886564664,0.655423788202907,1.9612929923757787,0.8219999126925958,0.2180043077082358
real,train,LA_E_5400327.npy,1672.6134560821843,740.7639107410473,1759.124815321679,465.452881242112,7235.207373271889,313.4688900269998,0.37648893741857853,0.09905540691511286,0.10393495258884539,0.0984191726768164,2.1066742855125997,3.787772242652606,0.8987233507583811,0.1532377808118147
real,train,LA_E_9859405.npy,1936.535561922713,1350.7317593375192,1678.2131941710038,526.332641074343,7023.177570093458,777.9395240301787,0.37173334959641535,0.09972680917290282,0.1622514229498981,0.19706353510941432,1.6801237970348761,3.6456719205670995,0.8722261141744834,0.1822267760785446
real,train,LA_E_6964855.npy,1600.391168939031,988.2129455474512,1557.946238977254,589.2781908378839,7137.684210526316,540.0574094854788,0.38878256678207046,0.11343319641941389,0.10934353427428219,0.1170997365827614,4.745088790131767,6.984648305792783,0.9088516180600081,0.1474103747912932
real,train,LA_E_2362137.npy,1885.0116079689046,1103.3616789056307,1772.0329330525442,533.4613024258092,6855.129533678756,834.3873113210466,0.3509178835820773,0.10761899045049328,0.1355591050164271,0.15775187985745498,1.772826925709351,3.658243212006096,0.8881485224463647,0.16302738798262953
real,train,LA_E_1145962.npy,2079.292554262919,1378.6275220104715,1824.2711481060683,506.23009258679224,6838.964401294498,1047.3026976382257,0.3353925785049426,0.1102488489083868,0.15410695022345505,0.20880854735722143,2.1456846192516994,5.447865113197979,0.8640745877181636,0.20839141356811572
real,train,LA_E_8848495.npy,1751.2058859688834,1145.1021618823202,1693.0008420167462,435.86215383329125,7009.640287769784,643.966362757021,0.3559576796226225,0.09696153404408081,0.12089576459133444,0.1488110222231749,2.8514851706430866,4.920840897822278,0.8954948844785339,0.17541718732901113
real,train,LA_E_1395552.npy,1760.2073525200126,1299.3507966469224,1802.3019241052316,469.259128418705,7454.117647058823,173.48533837116548,0.3295427772351517,0.08674774067215996,0.1283355447442135,0.1918733524206594,2.644516733813202,4.852086084627621,0.9088133878095861,0.1701109272411286
real,train,LA_E_1116303.npy,1520.483863872161,879.1883758493539,1629.3104100916623,561.3907766533091,7045.054945054945,700.6439324349882,0.3867652097048599,0.1126532872420605,0.08879341210168278,0.10212022057263523,3.662436192032711,7.91940956835459,0.9394870752456774,0.09673378603030393
real,train,LA_E_7905661.npy,1930.8903771892903,1337.3700921574948,1647.0315381626122,450.7920921655597,6844.0,864.6336060593948,0.3924572402911073,0.10024900110983205,0.16037821827295512,0.19901591409354955,1.0983024140808517,3.0133908411263257,0.8855761621150322,0.15711931392440937
real,train,LA_E_8439668.npy,1449.4890606079764,560.2928163718145,1694.8634046860072,516.7968947327355,7001.49377593361,715.5633889839579,0.3903721332185503,0.10536000804361337,0.07489678553229547,0.05662770268711068,2.55160323726935,5.156446581150078,0.948049566153047,0.06993528538837152
real,train,LA_E_1443485.npy,1893.4284839733966,1091.8623876159522,1706.2413872146867,475.7940559783087,7224.305555555556,277.29510147579083,0.40095819381025105,0.08108928091090659,0.1470081453634085,0.13824567682155556,3.553685762804883,5.597910092094983,0.8561488500280517,0.16384189817840225
real,train,LA_E_6543651.npy,1686.4297555034586,1124.5284928408335,1592.986405809127,452.67283658143015,6781.244813278008,897.923899953639,0.3895801189209946,0.09537253856778166,0.12690439792427122,0.1459421032942689,2.3215747697349203,4.831726272526015,0.8822139639679275,0.18485894237772896
real,train,LA_E_6630192.npy,1860.1413596720768,1108.2920207167138,1648.3497363240813,510.0000983179801,6781.198156682028,838.5550675339841,0.3721237301932071,0.09634456392915253,0.15704006560179248,0.16890429880434762,0.9778257207513,2.839130045801403,0.8730470406558829,0.15529515202885769
real,train,LA_E_8587908.npy,1755.862592726182,1182.411573287851,1716.1426934152348,539.2338155403793,7073.11004784689,523.3663508210744,0.3681237444638625,0.1157963860939792,0.1308414577112638,0.17216168083190084,1.2973565535882305,3.766938297096576,0.8816234467690648,0.2060586325297366
real,train,LA_E_9632320.npy,1760.3915491336522,795.5350845646574,1841.1967119081485,499.98058916593243,6794.474474474475,1017.7609426754077,0.3231536407446216,0.09400612459196174,0.09870020396336186,0.11782679409762196,1.4691228992883778,3.209731210803883,0.9072174806888366,0.14299954903136616
real,train,LA_E_1415193.npy,1913.9424904381408,1057.654554579694,1898.7763050316605,480.2027344102309,6865.837320574163,977.1506239861166,0.31099590418044953,0.08775440402702142,0.125037474067945,0.1698946451727773,1.0638820294595241,2.2933238405996303,0.8951729529173801,0.16256246871561905
real,train,LA_E_5115178.npy,1626.462301193264,1074.1434811552833,1649.5486752843851,474.2023279316984,6826.496163682865,834.9830384730652,0.37418693107211515,0.09527012309745295,0.11219865520578942,0.13992579716474768,2.6589628388881588,5.972660384732561,0.9000321945248866,0.1584162756668037
real,train,LA_E_7069231.npy,1662.8086147301583,621.1628052553418,1821.3401456299298,499.57389283693306,6828.186528497409,1171.1211255014232,0.3470703107018455,0.09126724648250875,0.09595231602321867,0.06744861379309067,1.3852700936865197,2.6334746065769985,0.9171149169635072,0.11513032418524766
real,train,LA_E_3358578.npy,1401.3844059358787,1101.9239985881743,1432.9624986743038,531.916227239747,6909.801324503312,793.48795790232,0.42283708530474884,0.11441132928524446,0.09612607678135736,0.13776771890139214,2.5785865323417383,3.736617671661522,0.9427742427135746,0.1052158710656693
real,train,LA_E_4787047.npy,1898.9218531520874,1374.5683806919697,1812.4711968012589,530.7511306486412,7110.322580645161,596.2038541695898,0.3510680632225208,0.11271195310744905,0.1461584067696122,0.21134029594571116,1.7055198608711886,4.48168999800007,0.8771750994634917,0.20939453191569063
real,train,LA_E_1027220.npy,1572.4483559496575,1032.1526811292983,1642.8228264201196,576.1305460277126,7064.0,511.24944987745465,0.397942994375493,0.11089886419636358,0.1104189044038668,0.11961155795969078,2.874413909130727,5.880560905200481,0.9040859905265227,0.16621916672901116
real,train,LA_E_8739004.npy,1968.3970293233526,1022.6059258182448,1874.2902573484503,533.0339623565335,7274.654377880184,302.8482234452892,0.3758698707684919,0.09890819827162811,0.14464733261725743,0.12003702166222871,3.2903921677422057,5.86643563849066,0.8395889427090717,0.18855253058122898
real,train,LA_E_4494506.npy,1885.7540577410314,822.8647071512186,1953.6092567544797,486.8855566371407,7288.775510204082,337.18603024456195,0.3488730094837081,0.09576659138930842,0.11602987059485448,0.11733554801874385,1.101163843121009,3.1610919732835403,0.8977105158481449,0.13985391041789946
real,train,LA_E_8189776.npy,1532.6415039922363,972.0885713567825,1650.1140970897652,497.58226513192966,6914.478527607362,772.816658051733,0.388037363498333,0.10089545438366693,0.10788474253117454,0.13318151645668083,1.179317533393065,2.846929038308011,0.9008733766834917,0.179396211179599
real,train,LA_E_9766259.npy,1873.3374684537614,1321.5082819868237,1665.9508494145382,490.6523145734533,6960.684931506849,590.0030851257237,0.3660913979749893,0.09633424614582597,0.14690836680742955,0.19770104473389374,1.4048120454766537,2.896079119418727,0.876981125094079,0.18763431789264434
real,train,LA_E_3379472.npy,1654.6622394366377,822.718315484333,1884.185063556622,540.7477913206698,7386.2721893491125,178.7820642700889,0.32934685545358683,0.089727972258715,0.0945262564695763,0.10985160725338182,3.2240418617712248,6.676743436511828,0.9416508552043525,0.11102436633116211
real,train,LA_E_9304484.npy,1263.205820386494,585.8268688276019,1781.8220915971262,547.2711368380509,7229.760765550239,579.0261087661822,0.35299876404828795,0.113373865574886,0.046006163734695585,0.056259366503309934,1.5224259929471495,5.015483344252775,0.9733111958179445,0.07472749105147543
real,train,LA_E_1860133.npy,1459.9074116146978,814.5138173582476,1726.6475562053258,458.1516977728024,7412.592592592592,233.6599712559953,0.3300475764898113,0.081370147620599,0.07981759955444165,0.10408631996200093,2.1697458851577363,3.813451311713836,0.9387252422581026,0.11907034875095793
real,train,LA_E_7569092.npy,2131.8334408920064,1499.456655543793,1657.141062855337,456.1482764125774,6756.228571428572,807.2355324798081,0.3623240642490838,0.09544778468054589,0.18633727175080553,0.21254380330941136,2.1353978472857156,4.605728724752851,0.8156627741891816,0.23270410907518282
real,train,LA_E_4704632.npy,1443.3763311779749,600.4324440982836,1850.7924807200561,404.8368948250907,7040.922190201729,795.8214086129692,0.33457750532904573,0.08281350536824425,0.06191992950676403,0.07248480881853639,1.0802380874810484,2.6849011178090416,0.9533410380478421,0.1076589944954048
real,train,LA_E_9528968.npy,1383.0714768554872,842.4341659221765,1606.0771457514475,541.1284994697193,7077.894736842105,620.6921344449057,0.3999938697982489,0.11681771979429159,0.08117459641005347,0.11206621410273097,2.8157467672314893,4.599399643655202,0.9427162268485013,0.10847246769876144
real,train,LA_E_1945126.npy,1729.8506415692807,965.4253923941225,1692.3891801355037,561.1791028888641,6774.251012145749,848.2022819363148,0.3646907437250641,0.12071792815536367,0.11856564488143435,0.1173612204522773,1.5860770641041153,3.1563810256874048,0.8946554519447494,0.15605226207249617
real,train,LA_E_1721212.npy,1706.5002709956866,1079.78920874928,1794.2300621680995,420.560271086587,7387.811158798283,199.45616717028918,0.33560266464022503,0.08536035346695141,0.1075327804489765,0.1595396756567301,1.6687339270608181,3.114102808520323,0.9158911809470696,0.14514720314823046
real,train,LA_E_4757272.npy,1668.9055863355384,644.81882892103,1807.3286441764299,512.3643717856507,6909.430051813471,845.9327785543245,0.35051397415748414,0.10569227143232349,0.1034451413507863,0.08879304494520013,3.139045020016056,5.821062019812135,0.9069438103195778,0.14169421289144477
real,train,LA_E_7936776.npy,2146.7761922969567,1115.1257970085958,1788.6005049680448,475.5402452797738,7067.619047619048,694.5824697300068,0.37666722595616,0.0970377257019704,0.16469745793054064,0.15399150853617352,1.9019583247297436,3.996916550038327,0.8257230615624587,0.19856149523955047
real,train,LA_E_6881396.npy,1486.2299557066285,717.5029239849167,1689.8325026486648,477.47917061053425,7024.848484848485,551.1097411043726,0.3867289872540191,0.10274545621503209,0.08323839902787272,0.08641415896148588,0.8977237860697818,2.027655275324607,0.9377911553216651,0.10486172949883303
real,train,LA_E_3003752.npy,1631.7474079334102,663.3786772070623,1799.6781400650045,546.2032358736892,6830.210970464135,995.0351210888608,0.34247950988280174,0.09288401900449583,0.09055338768863085,0.08233065204909717,1.9330932531745104,4.507505176180483,0.9342169763557112,0.08466110446087281
real,train,LA_E_5903059.npy,1592.0072884044098,1150.4668461072536,1650.6250235042908,497.2710895109803,7202.490272373541,501.7014095855038,0.3874039593285439,0.11033095717230634,0.11265030279980105,0.16280122115608212,1.8819518840874225,3.985220869092789,0.9209617424108294,0.14251633161949592
real,train,LA_E_4022756.npy,1574.9542205045027,981.7077003987054,1789.5466417261846,444.4107898386019,7326.613672496025,257.2833712154768,0.3611782406262957,0.09793206128984039,0.08637651362109566,0.12714765807981324,1.5656321653050862,3.72655742502788,0.9385175748866094,0.12112412384998898
real,train,LA_E_1412604.npy,1734.723105325548,1058.7528056581416,1611.3691173793893,466.09956242467666,6974.476190476191,534.7255298657897,0.4070093999326003,0.08796001469552538,0.13157894736842105,0.1416130927024693,1.9719102239571462,4.978456551714054,0.8916024944266434,0.14606413468451232
real,train,LA_E_3058816.npy,1480.5403384451758,990.6872911256823,1549.5657983846074,515.1868898342069,7224.0298507462685,413.56318328838154,0.4327768709512471,0.11523144487757331,0.10379493509894137,0.12028604402114929,1.939224160177465,4.189561572162037,0.9135260163737087,0.1371676699004784
real,train,LA_E_3248749.npy,1326.852211198097,456.8321519212922,1874.0030235169618,458.92789297715717,7250.187265917603,502.86777078474904,0.33643884825273707,0.09618565942165189,0.044624670289957105,0.031893237759880406,0.8053037409603666,3.078728939178215,0.9772181758011781,0.04993136614624779
real,train,LA_E_8713676.npy,1532.0271143414836,1143.179250233717,1665.5659270811846,511.62288177102005,7200.819672131148,578.164974703296,0.3738735713912995,0.10747834904548902,0.10029171288877933,0.17242903041470373,2.3542061727613373,5.190574851005161,0.9315985355843761,0.14497931840148373
real,train,LA_E_1047198.npy,1564.5236668702503,768.8532944884181,1868.457597761621,535.5171709406925,7306.491803278688,356.0233287139362,0.34003360054694537,0.10838783545878762,0.0798060725584453,0.11093227786853241,1.496582804474379,3.968425433729932,0.9309131026640015,0.15641358905733208
real,train,LA_E_4230786.npy,1632.466398778444,1101.8971113197588,1750.8044237125991,517.9556955653177,3405.4054054054054,1802.1767537793494,0.3244071285025821,0.17670087481919144,0.09611867506604346,0.13773984579373802,2.3494893218151294,5.1860133609023285,0.9295325819240342,0.12324137050103665
real,train,LA_E_3783078.npy,1640.0568942082152,1020.441913748259,1658.2232929521251,502.8428246034065,6641.9047619047615,1137.7154177922025,0.33018510053469274,0.08311989368074055,0.11861797350519154,0.15434030527694084,1.2202195591633496,3.4132703473003136,0.8957652628374606,0.1652823954624455
real,train,LA_E_4716734.npy,2081.1100836245914,1220.4795430430886,1808.1242110283645,435.5581888121024,6758.294573643411,969.9885111051475,0.3508348110490678,0.08988753795372016,0.1547861902819063,0.18418756768557584,1.282009926019865,2.6169629343020717,0.8626306369947973,0.18517540276848826
real,train,LA_E_4576020.npy,1709.4247000516991,826.0186919310487,1711.5093544723861,463.41301997833335,6662.723004694835,897.5052032942582,0.34788674490903887,0.10288180447835786,0.1129349194582701,0.10103710446060248,3.371985565498998,6.178742071517848,0.8967248076347348,0.1405251487972672
real,train,LA_E_2607678.npy,1511.6107533862155,940.8739489860088,1439.2830533825188,513.9605449933106,6768.275862068966,793.8492578611083,0.42452781630033765,0.11589839785209022,0.1151249771939427,0.1197646043367953,1.6855886904663375,3.2911138545098066,0.9028050289810314,0.1442113592764447
real,train,LA_E_9419854.npy,1511.6585199467115,1101.2891349220479,1626.6003311405807,500.19147032106855,6945.357142857143,741.6069206998624,0.37128859458604924,0.10526901121452813,0.09584228428213391,0.1467964364327321,4.591061092817506,6.866553512725682,0.9320687286968282,0.14520521641317727
real,train,LA_E_2687712.npy,1293.84707091001,928.9879576732541,1517.5469113946392,512.4816024019973,7277.009345794392,328.67680046664776,0.3924425032134655,0.10658969213244886,0.07556273862225657,0.11629726072285725,2.446898736801562,4.206687339600614,0.9481315660804936,0.11108318365429697
real,train,LA_E_4534902.npy,1448.2172575048603,641.8440993875672,1800.1888486413575,436.9372711637651,3329.9173553719006,1373.065879892599,0.3368533480879288,0.16481966326658892,0.06893266223409764,0.07698247520988928,1.6381264911996667,3.6919440514818684,0.930392304567982,0.13406581995537833
real,train,LA_E_3757378.npy,1369.0290385438964,652.6766826245456,1683.860250446725,480.3290439335777,7150.119521912351,565.8695540920867,0.38805747551206315,0.10995243207180483,0.06653086900518228,0.06983730928171569,2.1017717206576356,4.573796327374173,0.9562185528449196,0.08616611846619847
real,train,LA_E_3270005.npy,1592.1017246464976,485.0789940779941,1775.6405719352394,503.84787974440053,7068.87573964497,715.81908391068,0.3658243769476382,0.10599405182878656,0.08602868117038158,0.05151096752153114,1.6054592356066648,4.654416948822708,0.9344784803154407,0.06686795842327627
real,train,LA_E_3034548.npy,1512.9902705794348,1207.2969956828667,1565.6551859170136,543.3999956490835,7151.885714285714,432.8488862956066,0.4043782892621406,0.12515683800096938,0.10512710347296814,0.15864992361076644,2.2256390996882036,3.897557181597119,0.9221763699016292,0.15846308077889984
real,train,LA_E_4676835.npy,1623.2339629959304,1023.2651786820439,1714.6248224466538,603.3854239026958,7339.1133004926105,299.6569499537917,0.3625173391134794,0.11047797217340276,0.10242354655110683,0.13615386705113994,3.683227277314331,7.4648816307206305,0.9262927524218673,0.14872677309152513
real,train,LA_E_2050154.npy,1733.7161201967174,1303.6491117072053,1712.0881728005008,478.60611289808503,7030.260869565217,495.0704137350217,0.3670372113415426,0.10692776059570104,0.13201481965784023,0.19162125374791175,1.3023963964183585,3.4661703203707273,0.8863873430475993,0.1878799657746241
real,train,LA_E_9617894.npy,1744.055861098015,1048.2295877768336,1727.867328417652,553.3200823390578,6655.864978902953,1122.1158955451644,0.33015574784292656,0.10405709731321454,0.11821748463986968,0.1568739115927301,1.7144368371503806,3.7013698717323145,0.9124442778695118,0.12817349879419818
real,train,LA_E_6410992.npy,2128.80828964483,1401.6412066965609,1889.7230787082651,484.3540480207935,6962.98755186722,892.9066921245997,0.33281151230448375,0.09483191599718771,0.16288646928524633,0.2150143663028321,1.3810926128590393,3.334553051290548,0.8826752038914427,0.17405049994112562
real,train,LA_E_2919347.npy,1787.380710886962,1256.6746645573014,1660.684023402364,552.3572524082476,7308.20895522388,335.4454617821677,0.36298937354572747,0.09718041032724993,0.14208094864025736,0.1840712978835808,2.0472232804070614,4.230723733118253,0.8847361893454211,0.19587866948792965
real,train,LA_E_8444421.npy,2083.258555139634,1464.2647529314443,1801.0826584051804,533.7992662138804,6865.0,1016.7855121793277,0.33477344291168465,0.10236943162492365,0.15295182400445556,0.22898465613558874,1.072136899192551,2.147208680516673,0.9059006493100653,0.12665697315337238
real,train,LA_E_3454842.npy,1679.5466665938563,825.9775426912378,1578.2565084389894,544.2334339965824,6602.686567164179,1117.7076515337858,0.3866432447435244,0.11404770835391494,0.12324654920884298,0.10972028059776306,2.039289658193085,4.833551426743143,0.8980667094422088,0.12942863609981245
real,train,LA_E_1266270.npy,1519.7403580249409,756.3413412912751,1698.7791697389805,489.0999348177389,6976.32,649.4619754843235,0.36602910888712514,0.08361869555104373,0.09493734335839599,0.08889331086167439,2.2858433372455753,4.342105997979605,0.9323076187889874,0.10804587709467393
real,train,LA_E_9318500.npy,1481.9508225439783,1022.4372375279718,1613.599433228775,471.376250111928,7226.261682242991,266.8228554590122,0.3991221217455006,0.10633479585132735,0.10070737591642658,0.1325503616013554,2.775206417648741,4.4342777407561975,0.9104895889141987,0.16334020896897916
real,train,LA_E_2161075.npy,1939.1085757108792,1213.647621953937,1688.5599850883145,436.4771134373831,6898.633540372671,606.7452082175179,0.39481625819613797,0.10106031358044529,0.15991064618066905,0.18419179079225143,0.9928471439691098,2.3024561413378084,0.8723092429002535,0.17172905139425004
real,train,LA_E_9053445.npy,1913.763531389698,1221.3610105340395,1646.3878965029962,474.09723852659727,6703.854166666667,846.8727641934406,0.36770494054179337,0.1031112698300515,0.14950135756056807,0.16793651682545638,2.0574987388271637,3.382518978875293,0.85655899248245,0.19198392780368428
real,train,LA_E_5399550.npy,2259.2426462233548,1324.5942826653707,1819.0824102026804,473.29827201038876,7047.972508591065,460.9056667133564,0.3725116012615271,0.10826909972557722,0.18588567639028844,0.20286880589435283,1.2623997772814424,3.7656921917228163,0.8527186330028819,0.1837632982638222
fake,test,LA_E_7411665.npy,1717.2166605069172,1182.097156413029,1722.8135321393963,587.9777332362578,7127.534246575343,632.2936737964903,0.36121591787942486,0.11170238841093239,0.12305592748995776,0.1667503547650328,1.8040284053860813,4.794656002727402,0.9161278701216299,0.14892600097468653
fake,test,LA_E_7546380.npy,1467.693369067737,967.9888799173758,1482.859842425181,577.8379995937664,2741.3333333333335,1957.701794824819,0.2554655694409374,0.19715864398698676,0.10848549946294307,0.09095507699096102,3.269980137688024,5.320660490083243,0.9102059781170427,0.1372178431112357
fake,test,LA_E_6427721.npy,1539.4271673819378,1293.7815996495121,1300.6742062330145,401.16720495416183,2666.7484662576685,1877.0296608667966,0.21724375102339546,0.185365036270865,0.13038731798822206,0.15451279137507531,3.429815971659175,4.282891210462857,0.887443264056745,0.19337364720297553
fake,test,LA_E_8155315.npy,1933.2187914510262,1394.825290586923,1518.0893818789227,525.6897793433321,6879.3442622950815,780.6901854362443,0.4111121399396169,0.1064482490571191,0.1634413903611488,0.18376399247511102,3.102069029679302,4.338774428069427,0.8518520972697674,0.20677202929822672
fake,test,LA_E_2947508.npy,1879.7522108702315,1532.5909090702148,1389.8504975582273,543.2656230925078,6458.600823045267,1119.9895727759676,0.41644626379292093,0.1180785922753808,0.18240044555834029,0.2133231731732005,4.330437945890219,5.295286510592949,0.8463538340379785,0.2128698080140275
fake,test,LA_E_4850719.npy,1749.9055057455512,1132.733202333297,1534.682331339776,466.3710307998923,6850.059880239521,726.9223920605469,0.40268348263935816,0.0956090120246767,0.14017078624705473,0.14949807765402384,3.0719013254745366,3.9741486891256184,0.8634652428702668,0.2131305905498981
fake,test,LA_E_8992946.npy,1709.2034726284546,1227.8586323578786,1592.1341966293394,435.00734337431885,3229.6153846153848,1755.7553289533053,0.3063775661116287,0.16359452458054766,0.1311210719105456,0.17379503076788336,3.3011489346647442,5.968854040298208,0.8884896445311199,0.16104457684112558
fake,test,LA_E_8339197.npy,1519.839136373633,1006.2222360712344,1388.741864303298,374.28285674767614,2882.4347826086955,1546.8681354127725,0.26501563499498654,0.1965099038988472,0.11326141440557916,0.12789746748587147,3.813366175740329,4.891632984667557,0.8918488041853426,0.15969732092933223
fake,test,LA_E_4751686.npy,1240.576537837281,975.9481738020949,1393.726885952768,471.6306783602679,7059.862068965517,555.4320917639137,0.41076212139434154,0.11376327013245206,0.08781436349494424,0.13136725341742603,5.898362204736251,7.30696925459228,0.9324470689943163,0.14952851865237252
fake,test,LA_E_9382115.npy,2084.284300882932,1367.0758277599386,1749.5629313760758,613.4773503521234,6737.429467084639,863.7265113474393,0.36516062425194756,0.12066359926325233,0.17032392894461862,0.19491265020251466,1.7205400826422892,3.093832380674459,0.8574328955433149,0.19542140657476972
fake,test,LA_E_9944556.npy,1870.1284401001049,1246.86601003904,1558.7854100030945,470.15982616914505,6490.659340659341,994.1789944281677,0.3772505638341489,0.10477547790768627,0.14988019499297695,0.1672926661750032,2.0286530661992765,3.625678288739678,0.8553441140355263,0.202838022566125
fake,test,LA_E_8450317.npy,1845.4451458646643,1312.163268344477,1545.9746395787135,513.484836082284,3427.5,2043.7681361750517,0.3454435159571695,0.25918023656625633,0.16694514062935115,0.17003916943941602,2.7847250710574314,5.1086110115626155,0.8426076908250977,0.23472904900708966
fake,test,LA_E_8787897.npy,1409.2453317369657,1036.307521407989,1474.4384357781444,491.50120666934953,6574.661354581674,838.3869121133428,0.40819206257640833,0.1134302603444361,0.09919220361661123,0.1380619556349054,2.0984263627270905,3.237597063419005,0.9208907574250945,0.1630025210446984
fake,test,LA_E_2634822.npy,1546.771662931171,867.6891021781425,1719.8739969899857,591.8569254359912,7191.652173913043,594.4788443740598,0.37517497828162816,0.11116720603165132,0.09163125204315135,0.12385141073754309,2.422286839927433,4.336677704478124,0.9287636865363439,0.15452718385937658
fake,test,LA_E_4920751.npy,1556.4677564227734,830.2589502788547,1597.6309187602615,495.2134822327418,6936.380952380952,788.0864393121254,0.4059307553798128,0.10980895629098593,0.10988184747583243,0.1175438232963959,1.7582197739332555,3.6459294790181684,0.9219350981990696,0.10569126588312622
fake,test,LA_E_2120378.npy,1809.1224543485362,1390.3604796030818,1538.6512552709996,584.0653811730984,6556.651982378855,801.0979676504012,0.4302728556473577,0.12232156692386448,0.16616430945204416,0.19682220975225137,1.8803121676376429,3.284030283929959,0.8456225126721372,0.2445388638800349
fake,test,LA_E_1070406.npy,1779.059937608261,1360.3346736175733,1488.8806020476168,446.5366518206709,6270.387596899225,1095.81237414503,0.36597842347840337,0.11128766374361793,0.14597864169467595,0.20617178401548064,2.1431674084146026,3.105772847123244,0.8890600847235202,0.1586054707174138
fake,test,LA_E_4430413.npy,2136.4472039150746,1616.945737394456,1577.5173057169588,468.90805550960783,3708.3544303797466,2018.2624626271956,0.24447563667229766,0.16756515132685354,0.17624758097776091,0.21885882709212687,2.399853061261964,3.510249766116938,0.842402466305564,0.19322704288871004
fake,test,LA_E_2665242.npy,1525.9028491197596,1298.731461002984,1386.4920241351176,452.4325587575896,6822.628571428571,433.6792155969851,0.45090099143977114,0.09937192820410139,0.1301396348012889,0.16510794655498937,4.25315657178573,4.866877085365183,0.8783857652510988,0.20296439304770056
fake,test,LA_E_6262749.npy,2195.6114711576406,1634.9613649295525,1634.02633880817,550.4233663692896,6807.974276527331,1385.0606494134968,0.38586785783579114,0.10004835436150081,0.18981537444898422,0.23730746111110543,1.0588768183477744,3.1980661651689197,0.7870337023167583,0.27107129921105216
fake,test,LA_E_6932495.npy,1628.327013129504,979.3303575720546,1663.4177754835537,516.7427993099457,6765.714285714285,709.5964594743718,0.3720217601334777,0.10334710153111148,0.10355253212396068,0.1298899001203914,2.7552759458464964,4.471404309765701,0.9144436545900114,0.14260572827751605
fake,test,LA_E_2394352.npy,1537.8881519911674,868.3201989673337,1567.2449190330617,544.9920195652284,6788.860759493671,825.1883620924112,0.4281071298721947,0.11989809482988474,0.10396243773991942,0.09445022500455433,2.0989385273387615,5.281443918763694,0.9127397062719578,0.127545874822365
fake,test,LA_E_6841754.npy,1781.5844460165717,1197.3381551174991,1558.106497233325,412.20283202955653,6668.22429906542,811.4897032464282,0.38292437137392416,0.0917456431377382,0.13605274869416534,0.16297874791930064,2.1974420138235087,2.8787858663583377,0.85499019842302,0.2218936531478221
fake,test,LA_E_7026040.npy,1741.9900907247625,1153.8658478326206,1405.4790795185957,367.86166961029863,6272.941176470588,952.2117760435365,0.4320131930984798,0.08948515128379708,0.1531076827015636,0.15695248254407287,2.5523490250747267,3.69661492879562,0.8295796403356512,0.22003279109015708
fake,test,LA_E_5015729.npy,1818.0201297014223,1251.9985763585235,1695.090013170117,513.4303747197037,7119.672131147541,336.4226811183634,0.3737187194470955,0.10729183814005658,0.14617486338797814,0.1899625556288706,2.306188172582948,3.6178962066795064,0.8820844424938555,0.1904809587368673
fake,test,LA_E_3750625.npy,1954.4592840333055,1409.1917020944459,1543.6990901067627,543.6594903302291,6373.159609120521,1285.1723102499027,0.35423855948685323,0.11297228348410544,0.16545435249361184,0.20134548932717636,1.563205306810273,2.4843902381117307,0.8581515421479414,0.1623311407208024
fake,test,LA_E_8979583.npy,1682.0521910162015,1263.351356597615,1546.0145702197412,495.020282481586,6745.2040816326535,840.913897400015,0.3706193820301025,0.1048749860392436,0.133263643803386,0.18405810039881165,2.1795479435023095,3.231525644740975,0.8964962901073984,0.16759585477700295
fake,test,LA_E_3455289.npy,1708.3381841912253,1380.8924678547194,1488.9458659746674,488.3627077089317,6905.891472868217,814.6674904553436,0.4272288191283045,0.11177729859094394,0.14858852557750965,0.1839650807104627,2.7315235555548663,3.877453005100612,0.8677926235957936,0.21503610018718278
fake,test,LA_E_8469160.npy,2278.359431734021,1787.6348909980072,1403.6629062956274,404.5037673663726,6147.477203647416,987.6335754051502,0.41740094269931816,0.11054609335914407,0.22495448347312047,0.2540290762340227,3.5611094409433237,3.8172233997205987,0.8361432581332647,0.1997726022572683
fake,test,LA_E_7535126.npy,1703.3298383244678,1099.212803109982,1452.6286944578371,518.8695611506372,6367.971014492754,1194.7422009354455,0.4189693945436418,0.11286074258904805,0.1379717409465693,0.14325067730479266,2.431586924127058,3.42811557783075,0.8674562667291535,0.18161187012327762
fake,train,LA_E_5884357.npy,1122.6521472988875,642.0796777458413,1258.6969597823772,377.05026355290846,2215.3623188405795,1386.2289370181634,0.19121256523093333,0.15096881275748697,0.06963059823471722,0.061841885196157645,3.832415816199537,3.9704467639639054,0.9463013389000763,0.10874454675207466
fake,train,LA_E_8877452.npy,1665.8741942842164,903.391367779356,1482.6928572484983,519.2262954302015,6336.02523659306,1284.141800347987,0.36310729945963377,0.10744529635543058,0.14338685831297485,0.11449338578818069,0.7390996188082809,1.5199023877737392,0.8708814709806695,0.16799057662310146
fake,train,LA_E_2278532.npy,1478.4179518029064,1260.177467073989,1382.3775232602131,498.0088219354585,6772.996845425868,630.5914628743284,0.42851543648883067,0.1034783713338674,0.1307606555821731,0.16946890456371752,3.0295982488543456,3.930382091823649,0.900916009737083,0.17861745693251688
fake,train,LA_E_4988348.npy,1559.4709722029208,997.3575162065677,1362.982399431614,484.9247819311924,5889.072164948454,1047.6011699530818,0.3734473388965671,0.11748650789634149,0.11660594785933906,0.1263974457602017,1.7325344507640534,1.9234233782194246,0.8969701316372585,0.1490479728820029
fake,train,LA_E_6237111.npy,2270.2565110052465,1600.6005225409854,1613.2429328792816,504.1830717192647,6482.605363984674,923.1094968165966,0.3570846637751811,0.10217320416421005,0.21671035827115684,0.22989202503082312,3.391414299246218,3.917618750624687,0.8139493290557716,0.23845753659697022
fake,train,LA_E_4282641.npy,1670.6798075212112,1319.4795983700228,1402.7746030910416,552.2257558105174,3034.9333333333334,1959.4464342994652,0.25990491575582564,0.20891488144532167,0.14803675856307433,0.17939696419932236,3.1397363187621257,4.444018794340015,0.9094448128430768,0.13875105287828987
fake,train,LA_E_2851478.npy,1548.3486200542338,772.917986945435,1553.3127997772747,480.36970371949155,3106.9135802469136,1582.5519646844734,0.3353250005980103,0.18407803142777748,0.10931650112936663,0.0729278254504762,2.9150156998887415,5.216887502785733,0.908572903289158,0.11928153910520017
fake,train,LA_E_2417530.npy,1605.1761443989794,1199.9385416399164,1457.97534876927,387.43287242388953,2950.204081632653,1811.4171057875662,0.2617605083818082,0.19611282820714895,0.13397439176171722,0.1639290572177399,2.1179371779507714,3.158754737428848,0.8679792410383579,0.21132402284764665
fake,train,LA_E_4732931.npy,2030.2067227748835,1592.200969495787,1516.9248511024243,737.4031053010286,3595.2,2302.958653558504,0.33883353104506114,0.27290240761104023,0.1721503759398496,0.21640704458188836,4.671346056307602,6.54890067746347,0.7798276326045293,0.2961277540994913
fake,train,LA_E_8872199.npy,2080.1182981574393,1343.5315231076856,1562.1430946384405,414.68529899987254,6219.138755980861,1407.0666575656257,0.3242140745319873,0.09709758923019188,0.1673921646220815,0.17900472263028985,1.837913698826441,2.793905739543816,0.8379909328883852,0.18347447197193742
fake,train,LA_E_9989698.npy,1880.5188044842557,1044.2699623277915,1719.4539589241685,479.54984296950533,6987.353951890034,480.3830893346963,0.3981754685163306,0.09969674628020896,0.140583417306152,0.14132430034258958,2.519168046080754,4.698210277688825,0.8750123899387885,0.16406287056105537
fake,train,LA_E_6092883.npy,1313.6617269553778,1020.6587997877106,1264.8403829017664,499.9291728126148,6570.680100755668,1180.0075954722843,0.42194527319422637,0.12812887792632868,0.1029589086065289,0.11906862760505652,3.022231015192028,3.6975938789391036,0.9122410391015549,0.1526725911480083
fake,train,LA_E_5210371.npy,1575.5818649352218,1354.4254975818692,1345.1293080872758,430.25367489602354,6528.275862068966,922.9664903402091,0.42330362713414715,0.10342014611305256,0.1447008325411229,0.18638533924742237,4.258745663463182,5.159238662086214,0.896850609989181,0.16285353640863348
fake,train,LA_E_5246322.npy,1890.8586297158142,1416.9673675481467,1551.9108423808482,575.5150926572451,6687.97583081571,687.5073057708973,0.38179538576572186,0.1152285824322388,0.16138533645291475,0.19421977023310893,2.9554190306396446,3.827852272869061,0.8599035132603449,0.20513655997386343
fake,train,LA_E_6977360.npy,1129.5082559325947,852.0323954985532,1206.1888940865767,541.9657746609113,2150.967741935484,1606.3393664633074,0.1739132695057792,0.15294838261817825,0.07727382973562938,0.10273335286220546,5.31177421971719,5.037302369270076,0.952946253877883,0.09386391629873855
fake,train,LA_E_2268693.npy,1849.3751023603543,1445.5888082362892,1500.980776567269,498.24033696499134,7094.850299401198,487.4273860090823,0.40140629860208765,0.09489637330778969,0.15875016883526177,0.17857170317412133,1.9381171349083786,3.7563380283771832,0.8227733501257722,0.24710919874153603
fake,train,LA_E_9817776.npy,1809.818546220707,1301.4368633484655,1417.182144234921,444.2960472646173,6777.669902912621,737.0305204828979,0.4193649737281425,0.09216075168810056,0.16055916490254762,0.16792381067543402,2.0227590580492523,2.7412211373185515,0.8524315947093118,0.19418346659034608
fake,train,LA_E_2323050.npy,2007.6084851046996,1550.7215614007266,1515.362530937086,446.13292861367245,3496.315789473684,1841.6431751258262,0.248383701782602,0.1426066697009765,0.18214945257881543,0.219147743025351,4.439266490280331,6.566489190929703,0.8481958836106995,0.19745767125195415
fake,train,LA_E_7125272.npy,2180.646200471974,1445.4183885167472,1404.550660022685,461.95986880246835,5993.833992094862,1278.5985117540054,0.381212177467294,0.09790227073415239,0.22284961415396198,0.20091176986022138,3.2661864699001963,5.182404871839093,0.790174899982354,0.21395345409376768
fake,train,LA_E_3424730.npy,1674.7016319253325,1191.252914205847,1501.0434169585799,452.06369009801347,6707.632850241546,726.0412815368977,0.3742349045817646,0.11778333061915494,0.12624556560483333,0.1622322567882663,3.6987314098744704,5.408437653148287,0.9069276998700488,0.1511802891215171
fake,train,LA_E_3378367.npy,1793.6344395078418,1562.1176607932048,1363.3505836062247,459.0807041110966,6750.996784565917,483.15279881141873,0.4614003119890279,0.10608200365590255,0.17392355486787708,0.21731942302012264,2.871605332099217,3.848751853510259,0.8909468552145298,0.1555299933233599
fake,train,LA_E_2355000.npy,1978.3609056126527,1729.2603311229907,1423.6292411973573,461.86756806529866,3258.8976377952754,2170.7392798348774,0.2523025788482757,0.19739360074857756,0.19075247173050736,0.24277994318197815,6.2488649800960205,5.900839703301393,0.8650224189154526,0.20246973276327943
fake,train,LA_E_1649104.npy,1937.408786573278,1450.4422181685886,1458.2016451970417,476.2954020799789,6044.733727810651,1277.7851886255055,0.3269542655832697,0.13132874433801933,0.1535643843336151,0.18317691598048363,1.945956658727984,3.052909769314967,0.8458011694736967,0.17957298793168805
fake,train,LA_E_5118048.npy,1413.2783691059985,586.042523165647,1704.464901973605,497.2584192880489,6950.0,479.98304233611475,0.3963049746101169,0.11930474745080825,0.07403683627673835,0.05208639550555545,2.3872450131296787,4.752824039457058,0.9500160084142475,0.06358210594536363
fake,train,LA_E_5194826.npy,1896.231355684646,911.3611119777096,1844.4911143939376,577.4161120763042,6847.580174927114,702.942361569282,0.3623777069611979,0.11600513901034748,0.12868176271582746,0.11212635859642338,1.5545191718488598,3.481173687424689,0.870004132016268,0.16163628615178088
fake,train,LA_E_4557471.npy,1364.9996779279365,1191.3801547111334,1375.8789814381998,516.841462091467,6778.39762611276,460.0694526271609,0.4489870730177313,0.11797690953473976,0.10982946981697568,0.14881745702728527,6.0532447531549005,7.565227005665292,0.907648487432822,0.17413350251190338
fake,train,LA_E_8469141.npy,1545.1185255476466,1349.313847493077,1491.3272834793404,469.4517368064871,6662.016806722689,1065.5456485431766,0.3487241304480235,0.1346086086343065,0.1104125860870664,0.16847435263853947,4.014791050378452,5.256801996565867,0.910881419381084,0.15508794286316485
fake,train,LA_E_1223847.npy,2107.6463324572032,819.1792042191868,2054.8460248842493,485.6160600583261,7137.552742616033,552.4772771191449,0.3087954124502474,0.07368572685156495,0.1359199686981166,0.11658307565194924,1.4224189978543589,3.6057676509271497,0.8714903069384083,0.1539240056110964
fake,train,LA_E_1528017.npy,2145.778733942499,1414.0250380606046,1597.903690839532,507.36673355658337,6600.521172638437,842.4996092410153,0.35489748226526524,0.0998948541696295,0.20265647832937392,0.20350177921139154,2.5157011482236107,3.6675414890553073,0.8119728788942527,0.2195749323997225
fake,train,LA_E_8536145.npy,1589.0201811943975,1100.969320157,1606.1145830244982,485.4302711631309,3066.7567567567567,1963.556555395879,0.32356660634830975,0.22516080882362308,0.11298516561674456,0.12879024962635735,4.990179467272336,6.043234708700026,0.889218143657861,0.19395287153997312
fake,train,LA_E_4770782.npy,1666.0444908476566,1438.2521696662361,1371.1820047568174,517.2053180012955,6320.4678362573095,1395.7863963265197,0.3972817761415286,0.12318359252615584,0.15267701417285906,0.20296371221526024,5.009371945901079,7.317777770202056,0.8683795570294347,0.21486353927793517
fake,train,LA_E_9210968.npy,1617.9914790309842,1082.165017345677,1590.3819352016637,559.6286609180095,3255.3246753246754,1941.0276996863206,0.3056849332410883,0.23425210538908234,0.12272564528203625,0.13154365616068978,5.859731197738399,6.920330383549109,0.891889378114176,0.18228112121325624
fake,train,LA_E_2087660.npy,1436.9781065594348,1212.435805557054,1391.0567509190093,457.8649011311405,6783.373493975903,380.5933133159386,0.44105839050324425,0.10519623195922528,0.11879095328683154,0.1659878340820367,2.677250253478382,4.250529043007069,0.9017791766093952,0.17466738254441683
fake,train,LA_E_4692719.npy,1541.5219178863165,1347.52970521079,1336.6006655483984,558.856556338661,6987.919463087248,563.7116631323053,0.4753527432008882,0.12388273828644253,0.1334460311853459,0.1768647782504152,3.1528170472609705,4.487814429013526,0.9020076693495779,0.16979950697610743
fake,train,LA_E_9129430.npy,1498.2600647702604,1136.5794953088944,1417.751087425546,520.5351199195046,6576.8,1263.0778915015494,0.4020117337747163,0.11149378789132755,0.11474310776942355,0.14701636023076278,1.220320580787287,2.2768532899197838,0.8729819201122075,0.2150243910981517
fake,train,LA_E_1424685.npy,1744.8712103631872,1464.8192161442307,1478.6807876496098,490.05879024712914,3147.5409836065573,1976.8700677368217,0.19470998099463538,0.1484452607444843,0.13548214799293315,0.20569616167811394,2.929160736831576,4.207552835471907,0.8960643355328738,0.15506944940314976
fake,train,LA_E_8617121.npy,1897.8455447269614,860.3969516620614,2038.1852257877129,582.5596677662165,7068.010899182561,618.3921490587081,0.32153566274665857,0.11166668131316192,0.09719120690008398,0.0817721253456804,1.148127405626679,3.1494222732423425,0.9184900759020513,0.10842522188928373
fake,train,LA_E_8463157.npy,1207.0717613248771,1154.993296836271,1310.515093184161,414.7842176984996,2085.8715596330276,1886.5653520458202,0.19674175340032649,0.15760730462406208,0.08661562162286449,0.14975707932356178,4.634103777312478,5.091888022643659,0.9398638447282753,0.133440868656531
fake,train,LA_E_2492808.npy,1805.6851110266664,1426.7488100764583,1489.2461913777415,526.3919223175311,6839.538239538239,1064.467329638719,0.4147990681606158,0.10332034224856972,0.14243400709566123,0.1939265133819502,1.5343118121500319,2.8660086422427598,0.8479581351791305,0.22647275882929924
fake,train,LA_E_7642353.npy,1396.80463064258,1165.4354993014608,1269.5369633691587,367.5831882743662,2472.8205128205127,1634.1138094218918,0.22176413443044782,0.16997993221813593,0.11226784910995437,0.15150506776566372,3.8323125724664706,4.788145496821406,0.9167742720140348,0.14250456233237924
fake,train,LA_E_2590897.npy,1577.1413393279151,1239.314064802236,1447.2788157474752,541.3709053883969,6720.736196319019,983.5303621914287,0.38790127887619646,0.11093378529741046,0.13673754939495977,0.16516304333155452,2.0583027363708064,2.614103545807402,0.87635484997942,0.2130205200339094
fake,train,LA_E_4735828.npy,1316.2265555954236,533.4647630485765,1422.070405239284,505.0164026350538,2628.3760683760684,1283.052554875511,0.23598318301852883,0.15352969832359964,0.08360645202750464,0.06603733235284992,2.5010864268165167,4.671582835376566,0.9313793058565647,0.10915655089108608
fake,train,LA_E_9577092.npy,1680.5594032735646,1202.9627742334026,1321.31943645669,442.83622260170887,2811.153846153846,1823.8712566808945,0.2589540052019646,0.19301237900689128,0.15090611143242721,0.16909853953315718,3.5231956414964745,6.071065401887769,0.8569250392044435,0.1918926881146471
fake,train,LA_E_2309675.npy,1821.1378787036201,1333.1690321396784,1554.5066253985901,564.1269437274,3377.0700636942674,2053.8493488952204,0.33706018912324415,0.24241123994600972,0.1412129048736491,0.193742069271692,1.92777425465266,3.2387548289397463,0.8409803921091489,0.24838569334907162
fake,train,LA_E_2402721.npy,2133.502422347902,1016.4570989037775,1893.409671750981,544.038072362188,7143.225806451613,391.2955083027379,0.36701406958942034,0.09551504601549057,0.17001172285552593,0.135142844486779,1.0566504062174553,3.4128363285014607,0.8271711710648505,0.16814716500637344
fake,train,LA_E_8816717.npy,1728.5854151465935,1444.958120425078,1388.2448358307088,521.6602122231631,6801.086419753086,400.52657307787064,0.44837870633084276,0.12639663427323683,0.15738110708870942,0.18832928673850932,1.7852798009314477,3.796576005756526,0.8958605223757312,0.15185630452625615
fake,train,LA_E_3581504.npy,1642.6078091371794,1163.5160352011246,1621.2235433486626,458.77733788224526,3167.852760736196,1788.068753681231,0.3050250504290982,0.19874980354793112,0.12795793163891322,0.16735148025239602,2.8601791619583468,4.402918827899349,0.8689147826899025,0.22114778356318524
fake,train,LA_E_8110643.npy,1570.1287272156744,1545.533524847374,1332.720547932625,471.6540411209191,6687.247386759582,1062.7702368952816,0.3862319135017685,0.11802448412574165,0.13213346956240773,0.1979818715230913,3.307794975806369,4.047274653262259,0.908729927789269,0.15872121516984788
fake,train,LA_E_1611480.npy,1804.226409469118,1276.646758803122,1412.1552912012855,358.3965480592673,6280.116279069767,888.1362693814534,0.40452469840746125,0.09097244397333373,0.164000116570496,0.17489625667239544,2.5026794167318283,2.5009070093427175,0.8495570901341931,0.20398648493112442
fake,train,LA_E_9140267.npy,1257.3916170172477,1177.8391609773246,1444.2800200952486,523.1273358863245,2368.3582089552237,1995.4759257364663,0.23142887591106248,0.17872731986105322,0.08044364642950659,0.13715899498281955,4.005673309327916,4.882010387934304,0.9368435740190745,0.14595182736363035
fake,train,LA_E_8697552.npy,2307.802162478302,1653.7794338320837,1636.4878412640999,523.7877716532035,3929.705882352941,2253.303438084415,0.37815116927417636,0.2129099361002153,0.22128851540616243,0.2420171183532452,2.8712770019614418,5.618569859779783,0.8104687535796182,0.22861894329428387
fake,train,LA_E_4550461.npy,1466.5555502893105,1335.6441130017618,1324.9079356435032,469.2591534266153,2581.212121212121,1939.3247146736376,0.21558405508116638,0.19094184305423575,0.13070555175818332,0.17369712682367017,5.78793930680567,7.088572205663693,0.913028253653796,0.15822528505954667
fake,train,LA_E_1148952.npy,1541.6659098775635,1169.4665695113938,1414.5157598830415,433.77498698594985,6480.884955752213,825.2428524536781,0.41077818936496685,0.09695114313795831,0.12065562135427063,0.1646645851098719,3.3466853668882366,4.280857187407859,0.8894116970508907,0.1944324933447372
fake,train,LA_E_1837629.npy,2137.20777414966,1122.7575277824778,1778.97323631959,424.0026574156292,7281.078431372549,236.74842634731823,0.3869764197922683,0.08237383369167589,0.18442552459580325,0.16355452101035078,2.437782040977381,5.007795963160571,0.7988318256456587,0.22211759086522295
fake,train,LA_E_8562955.npy,1720.360828961909,1156.867720256927,1545.783860385079,343.18101851244205,3179.4285714285716,1740.9454621098319,0.23395738313705985,0.15569756695446807,0.11805704738035565,0.12403690529516946,5.629275643607461,5.823011009125269,0.885476988142164,0.133864006894149
fake,train,LA_E_7783830.npy,1211.039814316731,963.9928521617841,1324.2852926392543,526.3134892292991,6760.916030534351,650.429629454865,0.4601747609992049,0.13456206929744285,0.083137232393962,0.12335585680178072,4.9683549558990325,7.448457594168387,0.932753577548821,0.14182244819857076
fake,train,LA_E_3231034.npy,1253.9242861544317,992.2428219968298,1162.9524534323784,434.9175075315653,2232.6530612244896,1533.2329129482487,0.18175589387305793,0.1505192433714378,0.09690041430105877,0.12677675637070154,6.793938185868656,6.844234900839051,0.9332186466308534,0.12008024797921805
fake,train,LA_E_1746654.npy,1425.1020813756325,1053.4269936245298,1453.2125974228284,410.6915496763972,6570.6,1225.5054630641187,0.33378767187276126,0.11442501320812082,0.09238095238095237,0.117808893695776,4.790453126153042,5.835558620735615,0.9083163316542125,0.1674396148675226
fake,train,LA_E_2834763.npy,1267.5304195442193,979.7528050373231,1313.5338999720188,463.5532417365234,2410.265486725664,1767.800723651664,0.22261236955658778,0.19214140264774404,0.09832102379843412,0.12392739932185849,7.881596486511643,7.910878364586901,0.9184859680625683,0.1576839550909677
fake,train,LA_E_6320499.npy,1651.2660460575771,1197.942890933483,1407.5727354631777,440.0057740834195,6725.476190476191,634.754179569324,0.4004783374644473,0.10632485622052873,0.13936627282491945,0.14847226515839013,4.164305024419873,5.6122627818572415,0.8733915525037578,0.19299140133342094
fake,train,LA_E_8285179.npy,1428.375617932584,1007.0052952827107,1428.6058631322485,534.4391245037696,6986.5,680.924188144319,0.3950877489837311,0.10136913400003783,0.11304041353383458,0.11849293651049086,5.226789351787748,6.070371863266719,0.9011223957921789,0.18102615875766212
fake,train,LA_E_9328266.npy,2066.874475311696,1329.3579567300978,1804.07169702364,580.0745984481556,6987.751937984496,868.3256991823894,0.3491193597465539,0.10405059651267737,0.1746128888111752,0.2015402276407787,4.997840928686204,8.253498537116574,0.8393822854314813,0.23895449292357346
fake,train,LA_E_4641783.npy,1949.245581001466,920.154900460865,1836.4379234972998,482.4488375224399,6891.151515151515,612.1372455145898,0.35296575445510925,0.1031421024905453,0.14212045264676842,0.13134308101628528,1.8885262678141999,4.073297106576501,0.8637934143440871,0.17843409709840877
fake,train,LA_E_3476113.npy,1838.5629895499842,1435.0616688133193,1528.1196862835577,563.9691266152097,7170.085959885387,444.4413041562682,0.38748100969731847,0.0969642918426962,0.16606703003928158,0.19511840973054723,2.4473263890548425,3.4371768753202216,0.8499153446814082,0.2198717848677127
fake,train,LA_E_2520601.npy,1799.2582017147693,1199.4443851006006,1532.9333711697386,541.959311973173,3346.875,2095.304926347237,0.320554259663147,0.23852969151542616,0.1520598370927318,0.14635192278248296,5.423862507304158,7.061003132093684,0.8747754048242329,0.16060800184750645
fake,train,LA_E_6624193.npy,2170.1633884777802,1222.5742731902203,1877.3827193647858,586.6583287970819,4343.684210526316,1925.7881791109126,0.4195605467014529,0.20650722032028407,0.168068196807809,0.18047179085934636,1.5333739893691962,3.29777313250065,0.8554311804918675,0.1779648449714933
fake,train,LA_E_2608310.npy,1452.8160271960583,1138.7632935826987,1323.813968893117,502.0996222487096,6489.411764705882,915.2630095597191,0.44754508122772657,0.10552607207459518,0.13014679556032938,0.1506109192461964,5.08149535763628,6.419018113322627,0.8790802292244518,0.2188710869593579
fake,train,LA_E_1781840.npy,1661.6056095916679,1330.1169721525134,1455.907404235554,507.81337687527684,6642.072538860104,1004.6585040520089,0.4110577372543816,0.12123715470880343,0.13061150285039022,0.17345722446673317,5.224582066247237,6.4216230216172985,0.91354117375426,0.13360115589054414
fake,train,LA_E_8579433.npy,1235.9980441622556,1013.5961567307957,1248.9327191933405,425.9669056745286,6707.64705882353,779.7211372683917,0.4385036172253426,0.11251258594326857,0.09398496240601503,0.12467168298365595,4.019832795332901,4.797878061460607,0.922491424821402,0.155520619215982
fake,train,LA_E_1249312.npy,1632.049175194709,1269.3230359965191,1529.7002485027224,668.0900653448342,7346.041666666667,344.74168822064763,0.4397907001253267,0.1455120514233511,0.13327589807852966,0.1528554520360704,1.5200199570322175,2.288718874907316,0.9049888886703773,0.14650728688690892
fake,train,LA_E_7203940.npy,1482.2864831037978,1344.2429614749428,1287.09748305033,388.1227269011441,6838.350515463918,796.444004558162,0.44008120070666823,0.09861309540286779,0.1240989070614681,0.17818655916197776,4.169492263735929,5.173768461785768,0.9271578032392549,0.12997549265153993
fake,train,LA_E_7462445.npy,1599.5237947130145,1118.328449629241,1454.6486478484464,633.7647503016041,2939.8518518518517,2145.995058910188,0.2713765508615078,0.2356565235388805,0.1313654506636963,0.13159150380038892,2.3973125850977124,3.3272808744821365,0.8921050185001199,0.16848627621935466
fake,train,LA_E_9157999.npy,1983.7922139031198,1071.6137981708175,1841.056822328714,533.6196898392021,6707.649769585253,993.6436263271153,0.3425684897122092,0.09982212639674407,0.14111315154245058,0.14293441583438818,1.909230395427089,3.707962340232044,0.8568348033872262,0.19723963496116695
fake,train,LA_E_3746504.npy,1815.3029219270388,712.4670400271801,1839.2744039751742,470.7150593347191,6901.347150259067,695.5671996490564,0.3503293238173896,0.08368491526357028,0.10937966678353916,0.07907466744282451,2.141023980095961,3.9372344035290148,0.8949934992549605,0.12420833693889072
fake,train,LA_E_9853957.npy,1769.5785085673576,1138.4394541982595,1592.9429594546446,601.9987863860982,3390.6849315068494,2118.7074948366635,0.3368506671934368,0.25453452624659273,0.13557867270917018,0.15575802674492653,1.2708668033660977,3.2838211858591,0.8524636580433442,0.22039611117942584
fake,train,LA_E_9120891.npy,1400.614472645975,790.8003836473032,1349.691098782816,478.8276526495857,2628.349514563107,1528.7396275080189,0.23127294133097775,0.16846415303872403,0.10231890405625714,0.08117956304372739,2.415881213287933,3.677193700042273,0.9125311673546758,0.11257266549379233
fake,train,LA_E_8767294.npy,1767.964515712564,916.0179921166051,1679.8682683899292,472.16801209059975,6752.6760563380285,856.5718731862163,0.3859433027277801,0.10531440392397762,0.13347923800110603,0.1157913937635904,0.4612986427394886,0.9967780347957375,0.8812718568490143,0.15930628150450246
fake,train,LA_E_9088738.npy,1989.7609449647105,1404.0399127665664,1617.4213730112713,552.6373839045206,6774.836363636364,842.5421869909566,0.3977356268161516,0.1178179329770483,0.1680382775119617,0.2024472879526974,1.5951791037076428,3.4043812760656875,0.8624357521839018,0.1963127857154275
fake,train,LA_E_6816952.npy,1622.2766361576053,1500.029548941023,1436.7442972903912,452.7054327917236,7151.042471042471,460.90065652440495,0.41051344097580345,0.09121949294686436,0.14334097792744407,0.20505542062447166,6.013913451034788,6.87262613016671,0.8968272373029234,0.18191234937725842
fake,train,LA_E_1970710.npy,2188.3188708153007,1876.248427484782,1534.610046869118,611.5106797858213,6991.415094339623,608.0388187074734,0.4313472469488279,0.13552873758660527,0.2173653473305906,0.26172017763059324,3.0118569936027284,4.441143188171538,0.8548258749505203,0.20562172543422863
fake,train,LA_E_7779557.npy,1612.0437264620514,1409.705003523368,1409.0768958099418,550.9080266161154,6999.45205479452,943.7860561840146,0.40922033248863665,0.1109036814255867,0.13118412469529991,0.20607220544472443,2.0556046429392234,3.340651690392034,0.8921434852757518,0.1976483209789603
fake,train,LA_E_1890704.npy,1294.7119431508775,1057.261535850755,1322.2125579168364,461.5279000884729,6897.341040462427,646.673912870588,0.45710172617683825,0.11166030705671554,0.10498790328422208,0.12562305625399303,3.779337148392345,5.253483319520974,0.9104192736951198,0.1634148248143572
fake,train,LA_E_2440860.npy,1803.7025602654605,1091.9467058197142,1504.1935770640878,299.4243904167203,3289.090909090909,1393.396468708122,0.28696909550765465,0.13373958217406137,0.15285372522214627,0.15781221027440104,3.6225709212699915,5.06609507822848,0.876582169936744,0.13787848385170237
fake,train,LA_E_9276097.npy,1617.356583203504,1595.1726280458984,1304.3263187784412,557.8093504460696,6778.787878787879,952.8577672987511,0.4161399971751032,0.125291877959818,0.1491101491101491,0.22111390163549066,5.63360320106858,7.103459546396687,0.9195329585756357,0.13932344425894702
fake,train,LA_E_2775552.npy,1696.3775900589267,1271.0943041598089,1421.7083772363985,549.6010017469334,6730.093457943925,960.5122225059761,0.38247995919096156,0.10807287795103207,0.15645187735694374,0.17314191420892847,1.6240843900063084,2.722150477217107,0.8641029232186405,0.2072408818506075
fake,train,LA_E_8806575.npy,2055.120728828046,1328.0060109460394,1717.4132274840865,380.47851110133166,3670.3703703703704,1883.9271069516649,0.38332105249929915,0.203237462284809,0.1791979949874687,0.2080255021043423,2.834841689872319,4.159509279420508,0.8164211469364892,0.25244295508604997
fake,train,LA_E_9500557.npy,1709.5088233998697,1107.0688048569054,1453.4830408848575,438.9047312249717,3126.4864864864867,1551.4762796168627,0.24183193175501272,0.15744988699348247,0.12784212784212784,0.14008390738465135,2.7047858060807517,4.331334316774956,0.8863269066706643,0.16122102740423563
fake,train,LA_E_1144382.npy,1456.7237545136754,861.2493806804803,1381.8482594984207,509.52499818700664,2792.4528301886794,1499.1430327626076,0.19634757563641259,0.14224378730718742,0.1063744266326193,0.13028583191476628,5.073115024371718,6.556844399094077,0.9274417903050777,0.07774752411644464
fake,train,LA_E_2143322.npy,745.6921182264091,318.96525680461883,1161.1018791252814,398.49983844456574,1543.225806451613,1047.9238678846923,0.14217440775795728,0.09975403344107696,0.032884630932169125,0.0167085505013509,6.671751858505014,8.38985550222126,0.9902680833715406,0.008970325194149366
fake,train,LA_E_9979372.npy,1778.0170796010389,1400.9079424102758,1542.6057165744842,612.6232946408223,3303.157894736842,2193.4322225496,0.280459086020013,0.2150149577270504,0.15634952041758532,0.18201125033740048,4.690434406695842,5.740733851713293,0.8614263371758979,0.21471803311993112
fake,train,LA_E_1255269.npy,1811.660799632461,1310.5490567352656,1496.118694236824,485.76703398023386,3214.712643678161,1853.336127766309,0.31421786883601516,0.20155974288978443,0.15760666032898335,0.18050410423074748,4.055718188485735,5.162311079677675,0.8918971308455046,0.16616148981097972
fake,train,LA_E_7503879.npy,1768.5802857409349,1289.0560655668028,1482.7704798968825,488.31929817448633,6334.603174603175,893.7824482231828,0.3618904120781241,0.09311527998778242,0.1565686703531315,0.19715308319584196,2.7391720201245624,3.8616508949392294,0.8610761291804775,0.20877055632100242
fake,train,LA_E_8382407.npy,1556.8964042599212,1204.459162569551,1511.8186576795317,581.3431593205341,7189.333333333333,508.24252542114635,0.3797652661605687,0.1031953376147284,0.10187590187590186,0.14839478882054555,1.6333620271764637,3.517367259756722,0.9168987771955971,0.1506492298192704
fake,train,LA_E_2407835.npy,1507.6241237446297,1096.3871849559132,1400.9628998123105,459.9848277220541,2881.8348623853212,1749.0097670939745,0.26645782050032774,0.21126162150514702,0.12214021291761512,0.14702906042349087,2.0836316863059747,3.5383662882475226,0.8774882665583024,0.2135051671455495
fake,train,LA_E_1425990.npy,1755.7174155956623,1203.9688316233357,1690.997546426631,512.7536179793537,7164.8,384.9914473666325,0.3974426326629506,0.1161759048633246,0.13603098655730234,0.1679025231529601,2.0461059924338922,4.923146130724061,0.8894587881140383,0.18361601705852984
fake,train,LA_E_1025210.npy,1853.5054469006425,866.241945169612,1855.9226123686574,606.7229767695156,6955.0,709.6550529078526,0.3528344474879623,0.10847670211088482,0.11769312988353234,0.09426080645846104,2.06256983538329,4.792463627472916,0.8870307742989724,0.14826042655907534
fake,train,LA_E_9472752.npy,1948.2717289920392,1448.2784732450004,1479.1177885040847,460.40973841608394,6142.081447963801,928.2559000570175,0.36591060754747157,0.09720912699821033,0.17357874323818595,0.20764980622520623,2.640404252441972,2.899004224528775,0.8654685069458853,0.1894971720435957
fake,train,LA_E_8925219.npy,1797.6590802395926,1267.7899897524098,1450.0508429720076,455.3976390631353,6088.323699421965,1056.7373002824684,0.3674018028467299,0.10654960208747255,0.14769582916829646,0.16923708374817642,5.293419796280886,6.275455231473069,0.8638161377927625,0.1960177519807392
fake,train,LA_E_9804952.npy,1857.5518795940482,1422.3430643060713,1470.359132717285,465.75364647795396,3348.4745762711864,1922.0053206855243,0.26583144280805354,0.1915830052566032,0.16736757147105052,0.2071446066910048,3.853088307811156,4.411295784779077,0.8645460521629337,0.20918957477292568
fake,train,LA_E_8080518.npy,1715.7239454244025,698.6618139411393,1834.9043066128995,473.2831270079542,6703.347639484979,955.5426493272131,0.337894154772481,0.0907794973990664,0.10432734196005033,0.09821369537290076,0.8933840372735511,2.2132307224243988,0.9107581934917692,0.1365154573441596
fake,train,LA_E_1350979.npy,2467.4210950539446,1285.1912120253044,1962.4817491935794,553.7429522981266,7096.210526315789,524.5934344500929,0.3465936750755106,0.10896162446270757,0.20678010816514972,0.2085082938889423,0.587796374744698,1.63635756334459,0.828075101513713,0.18579957619861895
fake,train,LA_E_8868279.npy,1567.2120517987832,1298.3302665733406,1365.2608136557678,521.6446509414916,6912.037037037037,685.6434653602562,0.41669567215667597,0.10896002979500365,0.14422630650700827,0.17641901407057195,1.799809529655673,3.1148596757037748,0.8825803493137733,0.19567078647736733
fake,train,LA_E_7355163.npy,1243.679513202691,1174.6426734431677,1317.297640897346,473.70059568013704,2161.801801801802,2049.7621036203677,0.21204939874183165,0.20002035921008277,0.09598320124635912,0.13904025561556,2.9157290296365,5.087965960261661,0.9113247653955981,0.1765958281615543
fake,train,LA_E_5932896.npy,1894.1879423076898,1691.5375361472425,1428.9850034431547,514.7422636414057,7036.198704103672,436.518005534695,0.4245925374340456,0.11321995151912634,0.185880467908432,0.2346338177594058,3.9205226484823688,5.680938025376394,0.8508762600658207,0.21890776776664023
fake,train,LA_E_7655544.npy,1534.3885306970503,1592.7291350464461,1159.4277019243418,693.4521815991174,5530.972222222223,2559.4262919007533,0.4352431578804165,0.10532679467760313,0.14788707880813143,0.20987844639083456,4.7958373007501,6.5939461457222945,0.7122260066802849,0.3703727021279752
fake,train,LA_E_5157926.npy,1595.1996442630077,1103.0666789186846,1411.385462011856,462.35678353088997,6280.428790199081,1155.4899121667213,0.413403304032424,0.1055991295019517,0.13567993490617813,0.14697104062448063,0.7868735052922813,1.8904473048911796,0.8757020972059576,0.18396886833646547
fake,train,LA_E_5291521.npy,1586.383364613087,1448.7657420643661,1249.7580510736732,569.7627860501801,5920.907617504052,1908.305608267421,0.42163317251597143,0.1170766052197081,0.14764220112680407,0.19972473955017866,1.836596690702689,2.635291496878635,0.8263943723113679,0.27741184088670623
fake,train,LA_E_2139475.npy,1805.3206605558623,1288.183996829905,1598.9267515551924,532.8248717697434,3458.56,2094.3782672669236,0.30757370651269217,0.21705071395369332,0.14191478696741858,0.16747096383512586,3.856483207411837,4.98174439260131,0.8784825138280217,0.19518920690003672
fake,train,LA_E_4215166.npy,1558.344715718115,885.735847368359,1682.7142837818046,423.7333469756523,6812.063492063492,689.5735022580094,0.37926063915653674,0.09811239798984879,0.08851493813899826,0.09622628865639116,2.2763864146469825,4.143187099567169,0.9180928795709756,0.1460859298195189
fake,train,LA_E_3125426.npy,1577.181719782902,1038.5803979936902,1644.4345052762096,545.1191984505588,6937.142857142857,718.8766747289744,0.37742884356333395,0.10722998021428304,0.10713007007314204,0.12721502657504344,1.4546411053631354,3.7888637805417678,0.9133651019728465,0.15094757412227416
fake,train,LA_E_2985346.npy,2204.9067324561474,1560.3833381070312,1476.206118436133,415.6237897631467,3734.137931034483,1975.1647984345584,0.29136899549708356,0.20547341153321735,0.20348284504364356,0.218388278071127,2.922831453473917,4.018997306915747,0.80539729508268,0.24080499683879705
fake,train,LA_E_6163791.npy,2320.906856361941,1847.3572254337919,1506.4854420406516,483.915156396415,3589.6,2443.5533907269823,0.32254521877987835,0.21960063250307613,0.2388972431077694,0.24690966815227638,2.625738481519449,4.442520456443906,0.8296177525146823,0.21446438575776475
fake,train,LA_E_9588641.npy,1995.931985877968,1791.1920805664342,1485.563463344364,545.4417361417792,6825.333333333333,732.5507512620563,0.4130636240722543,0.11721081993792419,0.20063253371524048,0.25613871738569216,4.262296564879916,5.114601751203016,0.8791176421429349,0.17585113472916383
fake,train,LA_E_8534064.npy,1840.7175901705818,1460.5559490301648,1409.877492168394,472.9204407673068,6446.694560669456,843.6989902831006,0.4181649298187643,0.10307474541870242,0.17003806587598702,0.20694908053500505,2.7861425612754878,5.355364311501922,0.8541637847356608,0.21353068224528862
fake,train,LA_E_3558965.npy,1764.2404402251163,1360.9022353176344,1498.3494238120645,586.0867618299674,6959.541547277937,1117.5822330820931,0.41267488637755534,0.11676364146452684,0.1345914930592958,0.18094978734877423,2.220877756362571,3.683316126325424,0.8521831364919202,0.23130362724479156
fake,train,LA_E_3820322.npy,1753.3401725459237,1224.9174597963292,1430.8346544051856,377.7903066572649,3222.4817518248174,1652.290505298805,0.2741615071104008,0.19885785784654433,0.14854654885388655,0.17319752271763336,2.0609007304363267,2.9795884873765655,0.8502709948499204,0.21142477900804105
fake,train,LA_E_9237057.npy,1798.1675402961998,1163.6389257421572,1788.1764090171675,481.5490581410808,7371.623931623932,282.192143018057,0.35030143081099197,0.10035158221723645,0.1139386928860613,0.1611145240773748,1.905629083897303,3.4777384578642048,0.9167916046189298,0.13798676495455608
fake,train,LA_E_8814547.npy,1784.913757853638,1113.1473349052653,1601.247456643814,498.2957504553704,6732.272727272727,890.7373442990507,0.3986876761937562,0.09882186391306774,0.13303144224196853,0.1434142809512449,3.260580354404943,5.173849120919533,0.8442960274395571,0.22737875182489448
fake,train,LA_E_6828287.npy,1600.4175320543968,1152.4061102599942,1582.778944539399,480.6791453186234,3072.1951219512193,1930.6726308351397,0.2994460363786335,0.19130129694320763,0.10815657028750739,0.14168284466511824,1.5331178697281396,3.49041411757161,0.9132589434274543,0.1329867053766788
fake,train,LA_E_8844552.npy,1724.0204474578338,1260.290027883581,1461.3526993078092,479.7389990699496,6352.317073170731,842.4496782836434,0.39447946183339,0.1100477083693218,0.13975487499235895,0.17525049577619473,2.3212448748489627,3.8683667962666104,0.8742674388084724,0.20366506268921372
